<?xml version="1.0"?>
<!--<!DOCTYPE metadata SYSTEM "http://www.esri.com/metadata/esriprof80.dtd">-->
<metadata xml:lang="es"><Esri><CreaDate>20110630</CreaDate><CreaTime>08365200</CreaTime><SyncOnce>TRUE</SyncOnce><MetaID>{6129A521-163D-4827-89A4-2F6BD01B550E}</MetaID><DataProperties><lineage><Process ToolSource="C:\Program Files (x86)\ArcGIS\Desktop10.0\ArcToolbox\Toolboxes\Data Management Tools.tbx\CalculateField" Date="20120618" Time="085458">CalculateField Division_Municipal_Mexico_2010 HAS ([Area]*100)/1 VB #</Process><Process ToolSource="C:\Program Files (x86)\ArcGIS\Desktop10.0\ArcToolbox\Toolboxes\Data Management Tools.tbx\CalculateField" Date="20120618" Time="085630">CalculateField Division_Municipal_Mexico_2010 HAS ([Area]*100)/1 VB #</Process></lineage></DataProperties></Esri><idinfo><citation><citeinfo><onlink Sync="TRUE">\\ECOCIDE74\D$\REPOSITORIO_SIG\SHP\NACIONAL\WGS84\Division_Municipal_Mexico_2010</onlink></citeinfo></citation></idinfo><distInfo><distributor><distorTran><onLineSrc><linkage Sync="TRUE">file://\\ECOCIDE74\D$\REPOSITORIO_SIG\SHP\NACIONAL\WGS84\Division_Municipal_Mexico_2010</linkage><protocol Sync="TRUE">Local Area Network</protocol></onLineSrc></distorTran></distributor></distInfo><dataqual><lineage><procstep><procdesc Sync="TRUE">Dataset copied.</procdesc><srcused Sync="TRUE">C:\PROYECTOS_SIG_ECOCIDE\Dr. BRAZIL ACOSTA\TIENDAS DE AUTOSERVICIO\SHP\Division_Municipal_Mexico_2010</srcused><procdate Sync="TRUE">20110630</procdate><proctime Sync="TRUE">08365200</proctime></procstep><procstep><procdesc Sync="TRUE">Dataset moved.</procdesc><srcused Sync="TRUE">D:\REPOSITORIO_SIG\SHP\NACIONAL\ESTATAL Y MUNICIPAL\Division_Municipal_Mexico_2010</srcused><procdate Sync="TRUE">20110823</procdate><proctime Sync="TRUE">16365700</proctime></procstep></lineage></dataqual></metadata>
